Term,Dominant_Subject
a10,mathematics
a11,mathematics
a25,mathematics
a2x,mathematics
a3x3,mathematics
a50,mathematics
abc,mathematics
abca,physics
abcd,physics
abcda,physics
ability,chemistry
abscissa,mathematics
absence,chemistry
absolute,physics
absorbs,physics
absorption,chemistry
abundance,chemistry
acb,mathematics
acceleration,physics
accident,physics
acetaldehyde,chemistry
acetate,chemistry
acetic,chemistry
acetone,chemistry
acetophenone,chemistry
acetylation,chemistry
acetylbromidodicarbonylbis,chemistry
acetylene,chemistry
acid,chemistry
acidification,chemistry
acidified,chemistry
acidity,chemistry
act,physics
action,chemistry
activation,chemistry
activity,physics
acu,physics
acute,mathematics
acylation,chemistry
addition,chemistry
adiabatic,chemistry
adj,mathematics
adjoint,mathematics
adsorption,chemistry
ag2s,chemistry
agbr,chemistry
agcl,chemistry
agcn,chemistry
age,physics
agent,chemistry
agno2,chemistry
agno3,chemistry
air,physics
airplane,physics
al2,physics
ala,chemistry
alanine,chemistry
alc,chemistry
alcl3,chemistry
alcohol,chemistry
alcoholic,chemistry
aldehyde,chemistry
aldol,chemistry
alf,chemistry
alkali,chemistry
alkaline,chemistry
alkene,chemistry
alkyl,chemistry
alkylation,chemistry
alkyne,chemistry
allose,chemistry
allotropic,chemistry
allowed,mathematics
allows,physics
alpha,physics
aluminium,chemistry
aluminum,physics
always,mathematics
amalgam,chemistry
amide,chemistry
amine,chemistry
amino,chemistry
ammeter,physics
ammonia,chemistry
ammoniacal,chemistry
ammonium,chemistry
amongst,chemistry
amount,chemistry
amp,physics
ampere,chemistry
amplitude,physics
amu,chemistry
amyl,chemistry
analysis,physics
anda2,physics
andr3,physics
angle,physics
angular,physics
anhydride,chemistry
aniline,chemistry
anilinium,chemistry
anion,chemistry
anode,chemistry
anomers,chemistry
answer,chemistry
anti,physics
antinode,physics
aort,mathematics
aperture,chemistry
apparent,physics
appearance,chemistry
application,chemistry
approach,physics
appropriate,chemistry
approximation,physics
aptitude,chemistry
aqua,chemistry
arc,physics
area,mathematics
argand,physics
argentite,chemistry
argon,chemistry
argument,mathematics
arithmetic,mathematics
arm,physics
aromatic,chemistry
arrangement,physics
array,chemistry
arrhenius,chemistry
arrow,chemistry
aryl,chemistry
aso,physics
aspartame,chemistry
aspartic,chemistry
aspartyl,chemistry
aspirin,chemistry
assembly,physics
assignment,chemistry
assuming,physics
assumption,chemistry
astronaut,physics
asymmetry,chemistry
atm,chemistry
atmosphere,chemistry
atom,chemistry
atomic,chemistry
attraction,physics
attractive,physics
automobile,chemistry
average,chemistry
avogadro,chemistry
ax,mathematics
axis,physics
axle,physics
azimuthal,chemistry
b10,mathematics
b10br,mathematics
b2n,chemistry
b2x,mathematics
b3x3,mathematics
bac,mathematics
backward,chemistry
bacl,chemistry
bacl2,chemistry
baeyer,chemistry
bag,mathematics
balance,physics
ball,physics
balloon,physics
balmer,physics
band,chemistry
bandwidth,physics
bao,chemistry
bar,chemistry
barium,chemistry
base,physics
basicity,chemistry
basis,chemistry
baso,chemistry
baso4,chemistry
bath,physics
battery,physics
bauxite,chemistry
bayer,chemistry
bcc,chemistry
bcl,chemistry
bde,chemistry
be2,physics
bead,physics
beaker,physics
beam,physics
beat,physics
becl,chemistry
becquerel,chemistry
begin,mathematics
beginning,chemistry
behaves,chemistry
behaving,chemistry
behavior,chemistry
behaviour,chemistry
behind,physics
belong,chemistry
bench,physics
bent,chemistry
benzaldehyde,chemistry
benzamide,chemistry
benzenamine,chemistry
benzene,chemistry
benzenesulphonic,chemistry
benzoate,chemistry
benzoic,chemistry
benzophenone,chemistry
benzyl,chemistry
benzylamine,chemistry
beo,chemistry
beta,physics
bf4,chemistry
bh3,chemistry
bi2s3,chemistry
bicarbonate,chemistry
biconcave,physics
biconvex,physics
bif,chemistry
bimetallic,chemistry
binding,physics
binom,mathematics
biochemistry,chemistry
bipyramidal,chemistry
bisector,mathematics
black,chemistry
blackbody,chemistry
blast,chemistry
bleach,physics
blende,chemistry
blister,chemistry
block,physics
blood,chemistry
blow,physics
blue,chemistry
bob,physics
body,physics
bohr,chemistry
boil,chemistry
boiling,chemistry
boj,physics
bold,chemistry
boltzmann,physics
bomb,chemistry
bombard,chemistry
bombardment,chemistry
bond,chemistry
bonding,chemistry
bone,chemistry
borax,chemistry
boron,chemistry
bottom,physics
bounce,physics
boundary,physics
box,mathematics
boy,mathematics
bpg,physics
bqr,physics
br2,chemistry
branch,mathematics
branching,chemistry
brch,chemistry
breadth,physics
break,physics
breathing,mathematics
brf,chemistry
brf3,chemistry
brf4,chemistry
bridge,physics
bright,physics
brilliant,chemistry
bro,chemistry
broglie,physics
bromate,chemistry
bromide,chemistry
bromination,chemistry
bromine,chemistry
bromo,chemistry
bromoalkane,chemistry
bromobenzene,chemistry
bromoethane,chemistry
bromonitrobenzene,chemistry
bromopentane,chemistry
brown,chemistry
brownian,chemistry
brownish,chemistry
bubble,chemistry
buffer,chemistry
building,physics
bulb,physics
bulk,physics
bullet,physics
buoyancy,physics
burette,chemistry
butadiene,chemistry
butan,chemistry
butane,chemistry
butanol,chemistry
butene,chemistry
butyl,chemistry
butylmagnesium,chemistry
bxy,mathematics
c0s,chemistry
c10,mathematics
c10ar,mathematics
c4h10o,chemistry
c4h8o,chemistry
c6h5,chemistry
c6h5ch2,chemistry
c6h5no3,chemistry
c6h5no4,chemistry
c6h6n2o2,chemistry
c7h6n2o3,chemistry
cab,physics
cable,physics
cacl,chemistry
cacl2,physics
calamine,chemistry
calcination,chemistry
calcium,chemistry
calculate,chemistry
calculation,physics
caliper,physics
calliper,physics
calorific,chemistry
calorimeter,chemistry
candidate,physics
cannizzaro,chemistry
cao,chemistry
cap,physics
capability,chemistry
capable,physics
capacitance,physics
capacitor,physics
capacity,physics
capillary,physics
caprolactam,chemistry
captain,mathematics
capture,physics
car,physics
carbanion,chemistry
carbocation,chemistry
carbohydrate,mathematics
carbolic,chemistry
carbon,chemistry
carbonate,chemistry
carbonyl,chemistry
carboxy,chemistry
carboxybenzaldehyde,chemistry
carboxylation,chemistry
carbylamine,chemistry
card,mathematics
care,physics
carius,chemistry
carnot,physics
carrier,physics
carrying,physics
case,physics
cassiterite,chemistry
catalyst,chemistry
cathode,chemistry
cation,chemistry
cavity,physics
cch,chemistry
ccoona,chemistry
ccp,chemistry
cd2,chemistry
cda,physics
cdot,chemistry
cease,chemistry
ceiling,physics
cell,chemistry
cellulose,chemistry
center,physics
centre,physics
centroid,mathematics
certain,physics
ch2,chemistry
ch2br,chemistry
ch2c6h5,chemistry
ch2ch3,chemistry
ch2cooh,chemistry
ch2ph,chemistry
ch3,chemistry
ch3ch2i,chemistry
ch3ch2o,chemistry
ch3cl,chemistry
ch3cocl,chemistry
ch3cooh,chemistry
ch3i,chemistry
ch3mgbr,chemistry
ch4,chemistry
chain,chemistry
chalcopyrite,chemistry
chamber,physics
chance,mathematics
change,physics
character,chemistry
characteristic,chemistry
charcoal,chemistry
charge,physics
chci,chemistry
chemical,chemistry
chemisorption,chemistry
chemistry,chemistry
chi,chemistry
chimney,physics
chlorate,chemistry
chloric,chemistry
chloride,chemistry
chlorine,chemistry
chloro,chemistry
chloroaniline,chemistry
chlorobenzene,chemistry
chlorobenzoate,chemistry
chlorobenzoic,chemistry
chloroform,chemistry
chloromethane,chemistry
chloroprene,chemistry
chlorotoluene,chemistry
chlorus,chemistry
cho,chemistry
choh,chemistry
chord,mathematics
chosen,mathematics
chromate,chemistry
chromium,chemistry
ci,chemistry
ci2,chemistry
cif,chemistry
cio3,chemistry
circle,mathematics
circuit,physics
circular,physics
circulation,physics
circum,mathematics
circumcentre,mathematics
circumcircle,mathematics
circumference,physics
ckg,physics
cl2,chemistry
clamp,physics
clarity,chemistry
class,chemistry
clf,chemistry
climb,physics
clo,chemistry
clo2,chemistry
clockwise,physics
close,physics
closest,physics
cloth,chemistry
cloud,chemistry
club,mathematics
cmc,chemistry
co2,chemistry
coagulating,physics
cobalt,chemistry
cobr,chemistry
coch,chemistry
cochin,chemistry
cocl,chemistry
cocl4,chemistry
code,chemistry
coefficient,physics
cof,chemistry
coherent,physics
coil,physics
coin,mathematics
coincide,physics
coincident,physics
coincides,physics
coinciding,physics
coke,chemistry
col,mathematics
collection,physics
collide,chemistry
collides,physics
collinear,mathematics
collision,physics
colloid,chemistry
colloidal,chemistry
color,chemistry
coloration,chemistry
colorless,chemistry
colour,chemistry
colourless,chemistry
comb,physics
combination,chemistry
combustion,chemistry
come,chemistry
committee,mathematics
compartment,physics
complement,mathematics
completion,chemistry
complex,chemistry
component,physics
composition,chemistry
compound,chemistry
compressibility,chemistry
compression,physics
computer,mathematics
concave,physics
concentration,chemistry
concept,chemistry
condensation,chemistry
condition,chemistry
conductance,chemistry
conducting,physics
conduction,physics
conductivity,chemistry
conductor,physics
cone,physics
configuration,physics
conformation,chemistry
conformers,chemistry
congruent,mathematics
conh,chemistry
conic,mathematics
conjugate,mathematics
conjugation,chemistry
conservation,physics
considering,physics
consist,chemistry
consisting,physics
consists,chemistry
constant,physics
constraint,physics
construct,chemistry
consumer,physics
consumption,chemistry
contact,physics
container,physics
containing,chemistry
content,chemistry
context,physics
contrast,physics
contribution,chemistry
convention,physics
convergent,chemistry
conversion,chemistry
convex,physics
coo,chemistry
cooch,chemistry
cooh,chemistry
cook,chemistry
cooler,physics
cooling,physics
coome,chemistry
coona,chemistry
coordinate,mathematics
coordination,chemistry
coplanar,mathematics
copolymer,chemistry
copper,chemistry
core,physics
corner,physics
correction,physics
correspond,physics
corresponding,physics
corresponds,physics
cosec,mathematics
cosecx,mathematics
cosine,mathematics
cost,mathematics
cosx,mathematics
cot,mathematics
cotton,physics
cotx,mathematics
cough,mathematics
coulomb,physics
count,physics
counter,physics
counterclockwise,physics
coupling,chemistry
covalent,chemistry
cover,physics
craft,chemistry
crb,chemistry
crcl,chemistry
cresol,chemistry
criterion,physics
cro3,chemistry
cross,physics
crust,chemistry
cryolite,chemistry
crystal,physics
crystalline,chemistry
cso,chemistry
cu,chemistry
cu2,chemistry
cu2o,chemistry
cu2s,chemistry
cube,mathematics
cubic,chemistry
cucl,chemistry
cucn,chemistry
cuco,chemistry
cuf,chemistry
cuf6,chemistry
cufes,chemistry
cufes2,chemistry
cumene,chemistry
cuo,chemistry
cuprite,chemistry
current,physics
curvature,physics
curve,mathematics
cuso,chemistry
cuso4,chemistry
cut,physics
cyanide,chemistry
cyano,chemistry
cyanohydrin,chemistry
cyanophenol,chemistry
cycle,physics
cyclic,chemistry
cyclohexanone,chemistry
cyclohexene,chemistry
cyclopentadienyl,chemistry
cyclopentylhexane,chemistry
cylinder,physics
cylindrical,physics
cysteine,chemistry
d2sp,chemistry
dacron,chemistry
dark,physics
data,chemistry
day,chemistry
debate,mathematics
decapeptide,chemistry
decarboxylation,chemistry
decay,chemistry
decomposition,chemistry
decrease,chemistry
decreasing,chemistry
defect,chemistry
deficient,chemistry
defining,chemistry
definition,chemistry
deflection,physics
degeneracy,physics
degradation,chemistry
degree,chemistry
dehydration,chemistry
dehydrobromination,chemistry
dehydrogenation,chemistry
delocalisations,physics
delocalization,chemistry
delta,mathematics
density,physics
deoxyribose,chemistry
dependence,chemistry
dependency,physics
dependent,physics
depends,physics
depict,physics
deposit,chemistry
deposition,physics
depression,chemistry
depth,physics
der,chemistry
derivative,mathematics
description,chemistry
design,physics
detector,physics
determinant,mathematics
determination,physics
determine,mathematics
deuteron,physics
development,chemistry
deviation,physics
device,chemistry
dextrorotatory,chemistry
diagonal,mathematics
diagram,physics
dialkylcadmium,chemistry
diamagnetic,chemistry
diameter,physics
diaminetetraaquacobalt,chemistry
diamminetetraaquacobalt,chemistry
diamond,chemistry
diaquodioxalatoferrate,chemistry
diastereomers,chemistry
diatomic,physics
diazonium,chemistry
dibal,chemistry
dibenzyl,chemistry
dibromobenzene,chemistry
dibromopropane,chemistry
dicarbonyl,chemistry
dice,mathematics
dichromate,chemistry
dictionary,chemistry
die,mathematics
dielectric,physics
diethyl,chemistry
diethylamine,chemistry
difference,physics
different,chemistry
differentiable,mathematics
diffraction,chemistry
diffusion,chemistry
digit,mathematics
dihydronaphthalene,chemistry
diisobutylaluminium,chemistry
diketone,chemistry
dilute,chemistry
dilution,chemistry
dimension,physics
dimensionless,physics
dimeric,chemistry
dimerisation,chemistry
dimerization,chemistry
dimethylaniline,chemistry
dimethylbutane,chemistry
dimethyldichlorosilane,chemistry
dimethylethan,chemistry
dimethyltetrahydrofuran,chemistry
diol,chemistry
dioxide,chemistry
diphenyl,chemistry
diphenylamine,chemistry
diphenylpropene,chemistry
dipole,physics
direction,physics
directrix,mathematics
disaccharide,chemistry
disappearance,chemistry
disc,physics
discharge,physics
discontinuity,mathematics
dish,chemistry
disintegration,physics
disk,physics
dislocation,chemistry
dispersion,chemistry
displacement,physics
display,physics
disproportionaltos1,physics
disproportionation,chemistry
dissipation,physics
dissociation,chemistry
dissolution,chemistry
dissolve,chemistry
dist,mathematics
distance,physics
distribution,physics
disulphide,chemistry
divergent,chemistry
divide,mathematics
division,physics
dna,chemistry
domain,mathematics
donation,chemistry
donor,chemistry
dot,mathematics
downwards,physics
drag,physics
draw,mathematics
drawback,physics
drawing,mathematics
drawn,mathematics
driven,chemistry
driver,physics
drop,physics
dropper,physics
drug,chemistry
dry,chemistry
dsp,chemistry
due,physics
duma,chemistry
duration,physics
dust,chemistry
dy1,mathematics
dy2,mathematics
dy3,mathematics
dye,chemistry
e2x,mathematics
earth,physics
ease,chemistry
ebullioscopic,chemistry
eccentricity,mathematics
edge,physics
edta,chemistry
effect,physics
effervescence,chemistry
efficiency,chemistry
efg,mathematics
ejection,physics
elasticity,physics
electric,physics
electrochemistry,chemistry
electrode,chemistry
electrolysis,chemistry
electrolyte,chemistry
electron,chemistry
electrophile,chemistry
electrophilic,chemistry
element,mathematics
elevation,chemistry
elevator,physics
eleven,mathematics
elimination,chemistry
ellipse,mathematics
ellipsis,mathematics
elongation,physics
emergence,physics
emergent,physics
emerges,physics
emf,physics
emfv,physics
emission,physics
emissivity,physics
emits,physics
emulsion,chemistry
enantiomer,chemistry
enclosure,chemistry
endea,mathematics
endeanoel,mathematics
ene,chemistry
energy,physics
engine,chemistry
engineer,mathematics
enters,physics
enthalpy,chemistry
entropy,chemistry
envelope,mathematics
enzyme,chemistry
epsilon0,physics
equal,mathematics
equality,mathematics
equation,mathematics
equator,physics
equilibrium,physics
equivalence,physics
equivalent,chemistry
error,physics
erythrose,chemistry
escape,physics
ester,chemistry
esterification,chemistry
estimate,physics
estimation,chemistry
etard,chemistry
ethane,chemistry
ethanol,chemistry
ethanolic,chemistry
ethene,chemistry
ether,chemistry
ethyl,chemistry
ethylene,chemistry
ethylenediamine,chemistry
ethylpentane,chemistry
ethynyl,chemistry
etoh,chemistry
evaporate,physics
evaporation,physics
event,mathematics
everything,physics
evm,physics
evolution,chemistry
examination,mathematics
example,chemistry
excess,chemistry
exchange,physics
excitation,chemistry
excites,physics
exhaust,chemistry
exhibit,chemistry
existence,chemistry
exit,physics
exp,chemistry
expands,chemistry
expansion,physics
experience,physics
experiment,physics
experimentally,chemistry
explanation,chemistry
expression,mathematics
expt,chemistry
extension,physics
extract,chemistry
extraction,chemistry
extreme,physics
extremity,mathematics
extremum,mathematics
eye,physics
f2of1,mathematics
face,physics
factor,chemistry
factory,mathematics
faint,chemistry
fair,mathematics
fall,physics
false,mathematics
family,mathematics
farad,physics
faraday,chemistry
farmer,mathematics
fe,chemistry
fe2,chemistry
fe4,chemistry
feature,chemistry
fecl3,chemistry
fecl4,chemistry
fef,chemistry
fef6,chemistry
fehling,chemistry
feo,chemistry
fesio,chemistry
feso,chemistry
fever,mathematics
fge,mathematics
fgh,mathematics
field,physics
fifth,physics
filament,physics
film,physics
filtrate,chemistry
final,physics
finally,mathematics
find,physics
finger,physics
firm,physics
first,physics
fischer,chemistry
fission,physics
five,physics
flame,chemistry
flammability,chemistry
flask,chemistry
float,chemistry
floor,physics
flotation,chemistry
flow,physics
flowing,physics
fluid,physics
fluorination,chemistry
flux,physics
fly,physics
focus,mathematics
fog,physics
foot,mathematics
football,physics
force,physics
fork,physics
form,chemistry
formaldehyde,chemistry
formation,chemistry
formic,chemistry
formula,chemistry
forward,chemistry
foul,chemistry
fountain,physics
four,physics
fraction,chemistry
fragment,physics
frame,physics
freedom,physics
freeze,chemistry
freezing,chemistry
frenkel,chemistry
frequency,physics
freundlich,chemistry
friction,physics
frictionless,physics
friedel,chemistry
friend,mathematics
fringe,physics
front,physics
fuel,chemistry
function,mathematics
functioning,chemistry
furnace,chemistry
fuse,chemistry
fusion,physics
gain,chemistry
galena,chemistry
galvanic,chemistry
galvanometer,physics
game,mathematics
gamma,mathematics
gap,chemistry
garden,physics
gas,chemistry
gattermann,chemistry
gauche,chemistry
gauge,physics
gauss,physics
gef,mathematics
generator,physics
geometry,chemistry
germanium,chemistry
gibb,chemistry
gibbs,chemistry
girl,mathematics
glass,physics
glucopyranose,chemistry
glucose,chemistry
gly,chemistry
glycerol,chemistry
glycine,chemistry
glycol,chemistry
gme,physics
gmr,physics
gmsme,physics
gold,chemistry
gpa,physics
graham,physics
gram,chemistry
graph,physics
graphite,chemistry
gravity,physics
ground,physics
grounding,physics
group,chemistry
gulose,chemistry
gun,physics
gypsum,chemistry
h2co3,chemistry
h2cro4,chemistry
h2nch2ch2nh2,chemistry
h2o2,chemistry
h2s,chemistry
h2s2o3,chemistry
h2s2o5,chemistry
h2s2o7,chemistry
h2so3,chemistry
h2so4,chemistry
h2x,chemistry
h3bo3,chemistry
h3co,chemistry
h3o,chemistry
h3po2,chemistry
h3po3,chemistry
h3po4,chemistry
h4p2o5,chemistry
h5p3o10,chemistry
hac,physics
haematite,chemistry
half,physics
halide,chemistry
halo,chemistry
haloform,chemistry
halogen,chemistry
hand,mathematics
hang,physics
hardness,chemistry
harmonic,physics
hat,mathematics
hbf,chemistry
hbr,chemistry
hca,physics
hcho,chemistry
hci,chemistry
hcl,chemistry
hcn,chemistry
hco,chemistry
hconme,chemistry
hcp,physics
head,mathematics
heard,physics
heat,physics
heater,physics
heating,chemistry
heavier,physics
heavy,physics
height,physics
helium,physics
help,physics
hemiacetal,chemistry
hemisphere,physics
henry,chemistry
heteroatoms,chemistry
hex,chemistry
hexacyanoferrate,chemistry
hexagon,physics
hexagonal,chemistry
hexane,chemistry
hexanone,chemistry
hg,chemistry
hg2,chemistry
hgo,chemistry
hgso,chemistry
higher,chemistry
hinge,physics
hinsberg,chemistry
hit,mathematics
hno,chemistry
hno2,chemistry
hocl,chemistry
hoff,chemistry
hoffmann,chemistry
hoh,chemistry
hold,mathematics
hole,physics
hollow,physics
homo,chemistry
hooke,physics
hoop,physics
horizontal,physics
hose,physics
hotel,mathematics
hour,physics
household,physics
hpo,chemistry
hso4,chemistry
human,chemistry
hund,chemistry
hybridisation,chemistry
hybridization,chemistry
hydrazine,chemistry
hydrazinium,chemistry
hydrazone,chemistry
hydride,chemistry
hydrocarbon,chemistry
hydrochloride,chemistry
hydrogen,physics
hydrogenation,chemistry
hydrolysis,chemistry
hydroxide,chemistry
hydroxy,chemistry
hydroxyacetanilide,chemistry
hydroxybenzoic,chemistry
hydroxybenzonitrile,chemistry
hydroxybromobenzene,chemistry
hydroxyl,chemistry
hydroxylamine,chemistry
hydroxymethyl,chemistry
hyperbola,mathematics
hyperbolic,physics
hyperconjugation,chemistry
hypochlorite,chemistry
hypochlorus,chemistry
hypotenuse,physics
iaf,physics
ibf,physics
ibl,physics
ibt,mathematics
ice,physics
icl,chemistry
icos,physics
ideal,physics
identification,chemistry
identify,physics
identity,mathematics
idose,chemistry
ignoring,physics
illumination,physics
imax,physics
immersion,physics
impact,physics
impedance,physics
implication,chemistry
implies,physics
impulse,physics
impure,chemistry
impurity,chemistry
incandescent,physics
incentre,mathematics
incidence,physics
incident,physics
incircle,mathematics
inclination,physics
incline,physics
incorrect,chemistry
increase,chemistry
indene,chemistry
index,physics
indicator,chemistry
induces,physics
inductance,physics
inductor,physics
inequality,mathematics
inert,physics
inertia,physics
infinite,physics
infinity,physics
influence,physics
information,chemistry
initial,chemistry
initially,physics
initiation,chemistry
initiator,chemistry
ink,mathematics
inner,physics
innermost,physics
input,chemistry
inradius,mathematics
inrads,physics
inscribed,mathematics
insect,physics
instance,mathematics
instant,physics
instantaneous,physics
instruction,chemistry
instrument,chemistry
insulating,physics
insulator,physics
integer,mathematics
integral,mathematics
intensity,physics
interaction,physics
intercept,mathematics
interface,physics
interference,physics
intermediate,chemistry
internal,physics
intersect,mathematics
intersection,mathematics
intersects,mathematics
interval,mathematics
inverse,mathematics
inversion,chemistry
invert,chemistry
inwards,physics
iodate,chemistry
iodide,chemistry
iodine,chemistry
iodoform,chemistry
ion,chemistry
ionisation,chemistry
ionization,chemistry
iron,chemistry
irrespective,chemistry
irreversible,chemistry
is1,physics
isin,mathematics
isobaric,chemistry
isobutyl,chemistry
isochoric,chemistry
isomer,chemistry
isomerism,chemistry
isosceles,physics
isothermal,chemistry
isotope,chemistry
iupac,chemistry
jar,physics
jaw,physics
jet,physics
jockey,physics
joint,physics
joule,physics
jump,physics
junction,physics
june,mathematics
k2co3,chemistry
k2cr2o7,chemistry
k2cro4,chemistry
k2fe,chemistry
k2s2o8,chemistry
kax,physics
kbro,chemistry
kbt,physics
keep,physics
kelvin,chemistry
kerosene,physics
ketene,chemistry
ketone,chemistry
kettle,physics
kev,physics
key,physics
keyand,physics
kfe,chemistry
kgm,physics
khz,physics
kilo,physics
kilogram,physics
kind,chemistry
kinetic,chemistry
kinetics,chemistry
kio4,chemistry
km,physics
kmno4,chemistry
kno2,chemistry
koch,chemistry
koh,chemistry
kolbe,chemistry
kpa,physics
ksp,chemistry
ksr,physics
kxe,physics
label,chemistry
laboratory,physics
ladder,physics
laevorotatory,chemistry
lake,physics
lamina,physics
lamp,physics
land,mathematics
lassiagne,chemistry
latent,physics
later,physics
lattice,chemistry
latus,mathematics
law,physics
lawson,physics
layer,physics
lcr,physics
lead,physics
leaking,physics
least,physics
left,physics
length,physics
lens,physics
lete,physics
level,physics
lewis,chemistry
li2,physics
lialh,chemistry
lialh4,chemistry
liberates,chemistry
licn,chemistry
lie,mathematics
life,physics
lift,physics
ligand,chemistry
light,physics
limestone,chemistry
limit,mathematics
limiting,chemistry
limx,mathematics
lindlar,chemistry
line,mathematics
linearity,physics
lining,chemistry
link,chemistry
linkage,chemistry
liq,chemistry
liquid,physics
liter,chemistry
litre,chemistry
living,physics
lmn,mathematics
ln2,mathematics
lnk,physics
lnt,mathematics
lnx,mathematics
lny,mathematics
load,physics
location,physics
locus,mathematics
log,mathematics
logarithm,mathematics
loge,mathematics
lone,chemistry
longitudinal,physics
look,mathematics
loop,physics
loss,physics
loudspeaker,physics
lumo,chemistry
lying,physics
lyman,physics
lysine,chemistry
m2g,physics
m58,mathematics
m61,mathematics
macromolecule,chemistry
magnesium,chemistry
magnet,physics
magnetic,chemistry
magnetite,chemistry
magneton,chemistry
magnification,physics
magnified,physics
magnitude,physics
main,physics
malachite,chemistry
man,physics
manner,physics
mark,physics
mass,physics
massless,physics
material,physics
mathbb,mathematics
mathematics,mathematics
matrix,mathematics
max,mathematics
maximum,mathematics
mcl,chemistry
me,chemistry
mean,chemistry
measure,chemistry
measurement,physics
mebr,chemistry
mechanical,physics
mechanism,chemistry
median,mathematics
medicine,physics
medium,chemistry
meet,mathematics
mei,chemistry
melamine,chemistry
melt,physics
melting,chemistry
member,mathematics
memgbr,chemistry
men,chemistry
meniscus,physics
meo,chemistry
meooc,chemistry
mesh,physics
meso,chemistry
meta,physics
metal,chemistry
metallic,physics
meter,physics
method,physics
methoxy,chemistry
methoxyphenyl,chemistry
methoxyphenylacetylene,chemistry
methyl,chemistry
methylaniline,chemistry
methylbenzene,chemistry
methylchlorobenzene,chemistry
methylcyclohex,physics
methylcyclohexane,chemistry
methylcyclohexanone,chemistry
methylcyclohexene,chemistry
methylene,chemistry
methylhex,chemistry
methylhexane,chemistry
methylpentane,chemistry
methylpropan,chemistry
methyltetrahydrofuran,chemistry
metre,physics
mev,physics
mevc,physics
mg2c3,chemistry
mgcl,chemistry
mgco,chemistry
mgi,chemistry
mgk,physics
micellar,chemistry
micelle,chemistry
microbe,chemistry
micrometer,physics
mid,mathematics
middle,physics
midpoint,physics
midway,physics
milli,chemistry
milliradian,physics
millisecond,physics
min,mathematics
mind,physics
mineral,chemistry
minimum,mathematics
minor,chemistry
minute,physics
mirror,physics
missile,mathematics
mistake,physics
mixh,chemistry
mixing,chemistry
mixture,chemistry
mixv,chemistry
mlt,chemistry
mm,physics
mn,chemistry
mn2,chemistry
mncl,chemistry
mncl2,chemistry
mnso,chemistry
mode,physics
model,chemistry
modulus,physics
mohr,chemistry
moist,chemistry
molal,chemistry
molality,chemistry
molar,chemistry
molarity,chemistry
mole,chemistry
molecular,chemistry
molecule,chemistry
molybdenum,physics
moment,physics
momentum,physics
monatomic,physics
monoanion,chemistry
monoatomic,chemistry
monobromination,chemistry
monochlorination,chemistry
monocyclic,chemistry
monolayer,chemistry
monomer,chemistry
monosaccharide,chemistry
month,mathematics
mosley,chemistry
motion,physics
motor,physics
move,physics
moving,physics
mpmq,physics
mqr,mathematics
mth,physics
mu1,physics
mu2,physics
mu3,physics
much,physics
mud,chemistry
multiple,mathematics
mx2,chemistry
mzn,mathematics
n2h4,chemistry
n2o3,chemistry
n2o5,chemistry
na2hpo4,chemistry
na2o2,chemistry
na2s2o3,chemistry
na2so4,physics
nabh4,chemistry
nacn,chemistry
nahco,chemistry
nahso,chemistry
nai,chemistry
name,chemistry
nan,chemistry
nanh,chemistry
nanh2,chemistry
nano,chemistry
nano2,chemistry
nao,chemistry
naobr,chemistry
naoc,chemistry
naocl,chemistry
naoet,chemistry
naoh,chemistry
naome,chemistry
naphthol,chemistry
natural,chemistry
nature,chemistry
nbr,chemistry
nc,chemistry
nch,chemistry
nearer,physics
nearly,physics
need,physics
neglect,physics
neglecting,physics
neighbour,chemistry
neither,mathematics
nen,chemistry
neon,physics
neq,mathematics
net,chemistry
network,physics
neutralization,chemistry
neutrino,physics
neutron,physics
newman,chemistry
newton,physics
next,physics
nh2,chemistry
nh2ch2ch2nh2,chemistry
nh2oh,chemistry
nh3,chemistry
nh4,chemistry
nh4cl,physics
nh4no3,chemistry
nh4oh,chemistry
nhbr,chemistry
nhch,chemistry
ni,chemistry
ni2,chemistry
nickel,chemistry
nicl,chemistry
nicl4,chemistry
night,physics
nitrate,chemistry
nitration,chemistry
nitro,chemistry
nitrobenzene,chemistry
nitrochlorobenzene,chemistry
nitrogen,chemistry
nitrophenyl,chemistry
nitrotoluene,chemistry
no,chemistry
nocl,chemistry
node,physics
nomenclature,chemistry
non,mathematics
none,mathematics
nonpolar,physics
nonzero,mathematics
normal,mathematics
notation,chemistry
nozzle,physics
nqbr,physics
nrgt,physics
nucleon,physics
nucleophilic,chemistry
nucleus,physics
nuclide,chemistry
nuclides,chemistry
null,chemistry
nylon,chemistry
o2n,chemistry
oab,mathematics
oac,chemistry
obeys,chemistry
object,physics
observation,chemistry
observer,physics
obtuse,mathematics
occupancy,chemistry
occupies,chemistry
occurrence,mathematics
occurs,chemistry
ocean,physics
och,chemistry
och2ch3,chemistry
ococh,chemistry
octagon,mathematics
octahedral,chemistry
octahedron,mathematics
octant,mathematics
octasaccharide,chemistry
octet,chemistry
octyne,chemistry
odd,mathematics
oet,chemistry
ofn,physics
ohm,physics
oil,physics
olefin,chemistry
oleum,chemistry
one,mathematics
ono,chemistry
onto,mathematics
onwards,physics
oocch,chemistry
opaque,physics
open,physics
opening,mathematics
operating,chemistry
operation,physics
opposite,mathematics
opq,mathematics
opqr,mathematics
opqrs,mathematics
opr,mathematics
optically,chemistry
oqr,mathematics
oqs,mathematics
or,chemistry
orange,mathematics
orbit,physics
orbital,chemistry
orbitals,chemistry
order,chemistry
ordering,chemistry
ordinate,mathematics
ore,chemistry
orientation,physics
orifice,physics
origin,physics
orthocenter,mathematics
orthocentre,mathematics
oscillation,physics
oscillator,physics
osf2,chemistry
oso,chemistry
outcome,mathematics
outer,physics
output,chemistry
outwards,physics
overlap,chemistry
overtone,physics
oxidation,chemistry
oxide,chemistry
oxidizing,chemistry
oxime,chemistry
oxoacid,chemistry
oxoacids,chemistry
oxygen,chemistry
ozonolysis,chemistry
p0v0,chemistry
p1v1,physics
p2v2,physics
p4o6,chemistry
p4o7,chemistry
pab,mathematics
pack,mathematics
packing,chemistry
pair,chemistry
pairwise,physics
pan,physics
paper,physics
para,chemistry
parabola,mathematics
parallel,physics
parallelepiped,mathematics
parallelogram,mathematics
parallelopiped,mathematics
paramagnetic,chemistry
parameter,physics
parent,chemistry
parenthesis,chemistry
part,mathematics
partial,chemistry
particle,physics
partition,physics
pas,physics
paschen,physics
pass,mathematics
passage,chemistry
passenger,physics
passing,physics
path,physics
pathway,chemistry
pattern,chemistry
pauli,chemistry
pb,chemistry
pb2,chemistry
pbcl,chemistry
pbr,chemistry
pbr3,chemistry
pbso,chemistry
pci3,chemistry
pdcl,chemistry
peak,chemistry
pebble,physics
pendulum,physics
pentachloride,chemistry
pentanol,chemistry
pentanone,chemistry
pep,mathematics
peptide,chemistry
peptization,chemistry
percentage,physics
perchlorate,chemistry
perfect,physics
performance,physics
performs,physics
perimeter,mathematics
period,physics
periphery,physics
periplanar,chemistry
permanganate,chemistry
permeability,physics
permittivities,physics
permittivity,physics
permutation,chemistry
peroxide,chemistry
peroxyester,chemistry
peroxyesters,chemistry
perpendicular,mathematics
person,physics
pext,chemistry
pfq,mathematics
ph,chemistry
phase,chemistry
phch2mgbr,chemistry
phcho,chemistry
phcoch,chemistry
phcoo,chemistry
phe,chemistry
phenol,chemistry
phenomenon,chemistry
phenoxide,chemistry
phenyl,chemistry
phenylalanine,chemistry
phenylbenzamide,chemistry
phenylethanol,chemistry
phenylmethanamine,chemistry
phenylpropanoic,chemistry
phosgene,chemistry
phosphate,chemistry
phosphine,chemistry
phosphorus,chemistry
photo,physics
photoelectric,chemistry
photoelectron,physics
photon,physics
phsna,chemistry
phthalate,chemistry
phthalein,chemistry
phthalic,chemistry
phthalide,chemistry
phthalimide,chemistry
physisorption,chemistry
picture,mathematics
piece,physics
pig,chemistry
pin,physics
pink,chemistry
pipe,physics
piston,physics
pitch,physics
pivot,physics
place,physics
planar,chemistry
planck,physics
plane,physics
planet,physics
plank,physics
plano,physics
plant,physics
plasma,physics
plastic,physics
plate,physics
platform,physics
player,mathematics
playground,physics
plot,chemistry
plug,physics
pmn,mathematics
pmqn,chemistry
poci3,chemistry
pocl,chemistry
point,mathematics
pointing,physics
poiseulles,physics
polar,chemistry
polarity,physics
polarization,physics
polaroid,physics
pole,physics
police,physics
poly,physics
polybutylene,chemistry
polygon,mathematics
polyhydroxy,chemistry
polymer,chemistry
polymerization,chemistry
polynomial,mathematics
polypropylene,chemistry
polythene,chemistry
pool,physics
portion,physics
position,physics
positron,physics
positronium,physics
possess,chemistry
post,physics
potassium,chemistry
potential,physics
powder,chemistry
power,physics
pph,chemistry
pph3,chemistry
pqp,mathematics
pqr,mathematics
pqrs,mathematics
pqs,mathematics
pr,mathematics
pre,chemistry
precipitate,chemistry
precipitation,chemistry
preferential,physics
preparation,chemistry
presence,chemistry
present,chemistry
presentation,chemistry
pressure,chemistry
primary,chemistry
principal,chemistry
principle,chemistry
prism,physics
probability,mathematics
problem,mathematics
proceeds,chemistry
process,physics
produce,chemistry
product,chemistry
production,physics
profile,chemistry
progress,chemistry
progression,mathematics
projectile,physics
projection,chemistry
prong,physics
propagating,physics
propagation,chemistry
propane,chemistry
property,chemistry
proportion,chemistry
proportional,physics
proportionality,physics
propylbenzene,chemistry
propylene,chemistry
propyne,chemistry
prostaglandin,chemistry
protein,chemistry
proton,physics
pseudo,chemistry
ptbr,chemistry
ptcl,chemistry
ptcl4,chemistry
ptn,mathematics
ptsa,chemistry
pull,physics
pulley,physics
pulse,physics
pump,physics
pupil,physics
pure,chemistry
purpose,physics
put,physics
pvc,chemistry
pyramid,mathematics
pyramidal,chemistry
pyranose,mathematics
pyridine,chemistry
pyrite,chemistry
q3negative,physics
q4negative,physics
q4positive,physics
qbc,physics
qbf,physics
qiaf,physics
qib,physics
qpq,mathematics
qpr,mathematics
qrp,mathematics
qrs,mathematics
quadrant,mathematics
quality,physics
quantity,physics
quantization,physics
quantum,chemistry
quarter,physics
quasi,physics
question,mathematics
queue,mathematics
quinoline,chemistry
quiz,mathematics
racemic,chemistry
racemization,chemistry
rad,physics
radial,physics
radian,physics
radiating,physics
radiation,physics
radiator,chemistry
radioisotope,physics
radius,physics
rail,physics
railway,physics
ramp,physics
random,mathematics
raney,chemistry
range,physics
raoult,chemistry
rat,physics
rate,physics
ratio,physics
ray,physics
rch,chemistry
react,chemistry
reactant,chemistry
reaction,chemistry
reactivity,chemistry
reactor,physics
reacts,chemistry
reading,physics
reagent,chemistry
real,physics
reason,physics
receiver,physics
record,physics
rectangle,mathematics
rectangular,physics
rectum,mathematics
red,chemistry
redox,chemistry
reduces,physics
reducing,chemistry
reduction,chemistry
refer,physics
reference,physics
refining,chemistry
reflection,physics
reflectivity,physics
refracting,physics
refraction,physics
refractive,physics
regia,chemistry
region,physics
relation,physics
relationship,physics
relative,physics
release,physics
remain,physics
remains,physics
removal,chemistry
remove,chemistry
repetition,mathematics
replace,chemistry
replacement,mathematics
representation,chemistry
repulsion,chemistry
requirement,physics
reservoir,chemistry
resistance,physics
resistancer2,physics
resistancesr1,physics
resistivity,physics
resistor,physics
resonance,physics
resonant,physics
rest,physics
restitution,physics
restoring,physics
result,chemistry
resultant,physics
retention,chemistry
return,physics
reverberatory,chemistry
reverse,chemistry
revolution,physics
rhc,physics
rhcl,chemistry
rho,physics
rhombus,mathematics
rib,physics
right,physics
rim,physics
ring,physics
rise,chemistry
rms,physics
road,physics
roasting,chemistry
rock,physics
rocket,physics
rod,physics
roh,chemistry
role,chemistry
roll,physics
roller,physics
rom,mathematics
room,chemistry
root,mathematics
rope,physics
rosenmund,chemistry
rotate,physics
rotates,physics
rotation,physics
round,mathematics
row,mathematics
rpgh,physics
rps,mathematics
rt0,chemistry
rto,mathematics
rubber,chemistry
rucl,chemistry
rule,chemistry
rydberg,physics
salicylic,chemistry
salt,chemistry
sample,physics
sandbag,physics
sandmeyer,chemistry
satellite,physics
satisfy,physics
satisfying,mathematics
sb2s3,physics
scalar,mathematics
scale,physics
scheme,chemistry
school,mathematics
schottky,chemistry
sci2,chemistry
scientist,physics
scl,chemistry
scn,chemistry
score,mathematics
screen,physics
screw,physics
searle,physics
seat,mathematics
sec,mathematics
second,physics
secondary,chemistry
section,physics
secx,mathematics
see,physics
segment,mathematics
selection,mathematics
self,chemistry
semi,physics
sensitivity,physics
sensor,physics
separation,physics
sequence,chemistry
series,physics
serine,chemistry
serum,chemistry
set,mathematics
setup,physics
sf4,chemistry
shadow,physics
shaft,physics
shape,physics
sheet,physics
shell,physics
shift,physics
ship,mathematics
shm,physics
shot,physics
show,chemistry
showing,chemistry
shunt,physics
sicl,chemistry
side,physics
siderite,chemistry
sif4,chemistry
sight,physics
sigma,physics
sign,physics
signal,physics
significance,chemistry
silica,chemistry
silicate,chemistry
silver,chemistry
similarly,chemistry
sin,mathematics
sin2a,mathematics
sin2c,mathematics
sinkx,mathematics
sint,mathematics
sinusoidal,physics
sinx,mathematics
sio32,chemistry
siren,physics
site,chemistry
situ,chemistry
six,physics
size,physics
sketch,chemistry
skew,mathematics
slab,physics
slag,chemistry
slide,physics
slit,physics
slope,mathematics
smell,chemistry
sn1,chemistry
sn2,chemistry
sncl,chemistry
snf,chemistry
sns2,chemistry
so2,chemistry
so2ci2,chemistry
so3,chemistry
so4,chemistry
soap,physics
soci2,chemistry
socl2,chemistry
sodium,chemistry
soe,mathematics
soft,physics
soil,chemistry
sol,chemistry
sole,chemistry
solenoid,physics
solid,chemistry
solubility,chemistry
solute,chemistry
solution,chemistry
solvent,chemistry
som,mathematics
sound,physics
source,physics
space,physics
special,physics
specie,chemistry
spectrum,physics
speed,physics
spent,physics
sph,chemistry
sphere,physics
spin,chemistry
spiral,physics
split,physics
splitting,physics
spot,physics
spray,physics
spread,chemistry
spring,physics
sps,mathematics
spu,physics
square,mathematics
ssurroundings,chemistry
ssystem,chemistry
stability,chemistry
stabilization,chemistry
stack,physics
stand,physics
standard,chemistry
standing,physics
star,physics
start,physics
starting,chemistry
state,physics
station,mathematics
statment,chemistry
steam,chemistry
stearate,chemistry
steel,physics
steeper,chemistry
stefan,physics
step,chemistry
stephen,chemistry
stepwise,chemistry
stereo,chemistry
stereochemistry,chemistry
stereoisomers,chemistry
steric,chemistry
stick,physics
stiff,physics
stiffness,physics
stock,chemistry
stoichiometry,chemistry
stone,physics
stop,physics
stoppage,physics
storage,physics
stp,physics
straight,physics
strain,physics
strand,chemistry
stream,chemistry
strength,physics
stress,physics
stretched,physics
strike,physics
string,physics
strip,physics
strong,chemistry
stronger,chemistry
stu,physics
student,physics
study,mathematics
styrene,chemistry
subject,physics
subsequently,chemistry
subset,mathematics
substance,chemistry
substituent,chemistry
substituents,chemistry
substitution,chemistry
suffers,physics
sugar,chemistry
sulfate,chemistry
sulfide,chemistry
sulfonation,chemistry
sulphate,chemistry
sulphide,chemistry
sulphur,chemistry
sum,mathematics
sun,physics
sunlight,physics
superconductor,chemistry
superoxide,chemistry
support,physics
surface,physics
surfactant,chemistry
surrounding,physics
surroundings,physics
surroundingsis,physics
suspension,physics
sweetener,chemistry
switch,physics
symmetric,mathematics
symmetry,chemistry
symptom,mathematics
synthesis,chemistry
system,physics
syz,physics
table,physics
tail,mathematics
take,physics
taking,physics
tall,physics
talose,chemistry
tan,mathematics
tangent,mathematics
tank,physics
tanx,mathematics
tao,physics
target,physics
tautomers,chemistry
team,mathematics
tebr,chemistry
technique,physics
teflon,chemistry
temperature,physics
ten,physics
tennis,physics
tension,physics
term,physics
terminal,physics
termination,chemistry
terrace,physics
tert,chemistry
tesla,physics
test,chemistry
tetraamminenickel,chemistry
tetraamminenickelate,chemistry
tetraaquadiaminecobalt,chemistry
tetraaquadiamminecobalt,chemistry
tetrachloronickel,chemistry
tetrachloronickelate,chemistry
tetraenes,chemistry
tetrafluoroethene,chemistry
tetrahedral,chemistry
tetrahedron,mathematics
tetrahydronaphthalene,chemistry
tetralinone,chemistry
tetrapeptide,chemistry
theory,chemistry
thereafter,physics
thermal,chemistry
thermodynamics,chemistry
thf,chemistry
thick,physics
thickness,physics
thin,physics
thiocyanate,chemistry
thiocyanato,chemistry
thiosulphate,chemistry
thread,physics
three,mathematics
threshold,physics
thrice,mathematics
thus,physics
time,physics
timet,physics
tin,chemistry
tip,physics
titrant,chemistry
titrants,chemistry
titrate,chemistry
titrates,chemistry
titration,chemistry
toa,physics
tollen,chemistry
tollens,chemistry
toluene,chemistry
toluic,chemistry
tool,physics
top,physics
topmost,physics
torque,physics
torr,chemistry
toss,mathematics
total,physics
touch,mathematics
towards,physics
toy,physics
trace,mathematics
track,physics
train,physics
trajectory,physics
trans,chemistry
transfer,physics
transformation,chemistry
transformer,physics
transforms,chemistry
transition,chemistry
transmission,physics
transmits,physics
transmitter,physics
transmutation,physics
transparent,physics
transpose,mathematics
transverse,physics
trapping,chemistry
travel,physics
traversal,physics
treating,chemistry
treatment,chemistry
trend,chemistry
tri,chemistry
triacetate,chemistry
triangle,mathematics
tribromobenzene,chemistry
tricarbaldehyde,chemistry
triethylphosphine,chemistry
trigonal,chemistry
trimethylbenzene,chemistry
trinitro,chemistry
tris,chemistry
true,mathematics
tube,physics
tungsten,physics
tuning,physics
tunnel,physics
turn,physics
twelve,mathematics
twice,mathematics
two,chemistry
tyndall,chemistry
type,chemistry
ubc,physics
uca,physics
ultraviolet,chemistry
umyp,chemistry
uncertainty,physics
undergoes,physics
understanding,chemistry
uniform,physics
union,mathematics
unit,physics
unity,mathematics
universal,chemistry
unsaturation,chemistry
upon,chemistry
upwards,physics
uranium,chemistry
urea,chemistry
urn,mathematics
use,chemistry
v0e,physics
v2and2r1,physics
v2andr,physics
vacuum,physics
val,chemistry
valence,chemistry
valid,physics
valine,chemistry
valve,chemistry
van,chemistry
vanishes,mathematics
vapor,chemistry
vapour,chemistry
variable,mathematics
variance,mathematics
variation,physics
varies,physics
various,physics
vary,chemistry
vcl5,chemistry
vec,mathematics
vector,mathematics
vehicle,physics
velocity,physics
vernier,physics
versus,chemistry
vertex,mathematics
vertical,physics
vessel,chemistry
vibrates,physics
vibration,physics
vibrator,physics
view,physics
village,physics
vinyl,physics
violet,chemistry
virtual,physics
viscosity,physics
visit,mathematics
vmxn,chemistry
voi,physics
void,chemistry
vol,chemistry
volt,physics
voltage,physics
voltmeter,physics
volume,physics
vsepr,chemistry
waals,chemistry
wadia,physics
waf,physics
walk,physics
wall,physics
watch,physics
water,chemistry
watt,physics
wave,physics
waveform,mathematics
wavefront,physics
wavelength,physics
way,mathematics
wbf,physics
wedge,physics
weight,chemistry
weightlessness,physics
welding,chemistry
well,physics
wet,physics
wheatstone,physics
wheel,physics
whereas,chemistry
whistle,physics
white,chemistry
whole,physics
wib,physics
width,physics
wien,chemistry
wife,chemistry
wind,physics
window,physics
wire,physics
wire1,physics
wire2,physics
wiso,physics
wood,physics
wool,physics
work,physics
wound,physics
wxyzw,physics
wyz,physics
x10,physics
x100,physics
xbr,chemistry
xdy,mathematics
xef4,chemistry
xef6,chemistry
xenon,chemistry
xeo,chemistry
xln,physics
xoh,chemistry
xome,chemistry
xona,chemistry
xylene,chemistry
xyz,mathematics
xz4,chemistry
y,physics
year,physics
yield,chemistry
ynoic,chemistry
yon,physics
young,physics
zero,physics
zinc,chemistry
zincite,chemistry
zmw,mathematics
zmxn,chemistry
zn,chemistry
zn2,chemistry
zncl,chemistry
znco,chemistry
zno,chemistry
znso,chemistry
